{
    "taskDefinitionArn": "arn:aws:ecs:eu-north-1:763857617563:task-definition/nodejs-app-task-definition:3",
    "containerDefinitions": [
        {
            "name": "nodejs-app",
            "image": "763857617563.dkr.ecr.eu-north-1.amazonaws.com/nodejs-app",
            "cpu": 0,
            "portMappings": [
                {
                    "name": "nodejs-app-5000-tcp",
                    "containerPort": 5000,
                    "hostPort": 5000,
                    "protocol": "tcp",
                    "appProtocol": "http"
                }
            ],
            "essential": true,
            "environment": [],
            "environmentFiles": [],
            "mountPoints": [],
            "volumesFrom": [],
            "ulimits": [],
            "logConfiguration": {
                "logDriver": "awslogs",
                "options": {
                    "awslogs-create-group": "true",
                    "awslogs-group": "/ecs/nodejs-app-task-definition",
                    "awslogs-region": "eu-north-1",
                    "awslogs-stream-prefix": "ecs"
                },
                "secretOptions": []
            }
        }
    ],
    "family": "nodejs-app-task-definition",
    "taskRoleArn": "arn:aws:iam::763857617563:role/ecsTaskExecutionRole",
    "executionRoleArn": "arn:aws:iam::763857617563:role/ecsTaskExecutionRole",
    "networkMode": "awsvpc",
    "revision": 3,
    "volumes": [],
    "status": "ACTIVE",
    "requiresAttributes": [
        {
            "name": "com.amazonaws.ecs.capability.logging-driver.awslogs"
        },
        {
            "name": "ecs.capability.execution-role-awslogs"
        },
        {
            "name": "com.amazonaws.ecs.capability.ecr-auth"
        },
        {
            "name": "com.amazonaws.ecs.capability.docker-remote-api.1.19"
        },
        {
            "name": "com.amazonaws.ecs.capability.task-iam-role"
        },
        {
            "name": "ecs.capability.execution-role-ecr-pull"
        },
        {
            "name": "com.amazonaws.ecs.capability.docker-remote-api.1.18"
        },
        {
            "name": "ecs.capability.task-eni"
        },
        {
            "name": "com.amazonaws.ecs.capability.docker-remote-api.1.29"
        }
    ],
    "placementConstraints": [],
    "compatibilities": [
        "EC2",
        "FARGATE"
    ],
    "requiresCompatibilities": [
        "FARGATE"
    ],
    "cpu": "1024",
    "memory": "3072",
    "runtimePlatform": {
        "cpuArchitecture": "X86_64",
        "operatingSystemFamily": "LINUX"
    },
    "registeredAt": "2023-09-25T19:33:06.607Z",
    "registeredBy": "arn:aws:iam::763857617563:root",
    "tags": []
}
